{
  "w": [
    1.1000000000000003,
    0.5500000000000003,
    0.30399999999999955,
    0.15399999999999955
  ],
  "theta": 0.7480000000000006,
  "last_retrain_ts": 1759899567.4731429
}