{
  "created_ts": 1759889723.6028042,
  "columns": {
    "x": {
      "mean": 0.01933205582232549,
      "std": 0.9787262077483543,
      "q": [
        -1.525954620915283,
        -0.6475903054623516,
        0.025300612234888248,
        0.6479438754729301,
        1.6769725284151462
      ]
    },
    "y": {
      "mean": 5.141672474498312,
      "std": 1.9939110505902606,
      "q": [
        1.8467358315267128,
        3.787516621947776,
        5.126154264658092,
        6.45776435406326,
        8.390818471281955
      ]
    }
  }
}